Films adults,Films enfants,book adults,book children
AtWar,Bambi,Le roi du klondike,various web stories
Elles'appelaitSarah,Princessemononoke,Madame Bovary,andersen's fairy tales
Split2016,Tangled,Les 3 mosqueteers,grimm's fairy tales
Rififi,BeautyAndTheBeast,Mon journal,oliver twist
Notacobka,FantasticMrFox,La chartreuse de parme,a christmas carol
DoubleZero,HomeAlone,L'argent,old french fairytales (segur)
Djinns,KikisDeliveryService,Candide,the story of a donkey
Django,TheAristocats1970,Robur le conquerant,les malheurs de sophie
DianeaLesEpaules,HowlsMovingCastle,Francois le Champi,un bon petit diable
Dheepan,Frozen,Toute la Frandre tome 2,the jungle book
DemainToutCommence,Shrek,Journal de Jules Renard 1905-1010,
DemainToutCommence,TheJungleBook,L'etui du nacre,
DeRouilleEtDos,ToyStory4,Notes sur le football,
DeGuerreLasse,ToyStory3,Notre dame de paris,
Desaccord,ToyStory2,La fin du Satan,
Derapages,ToyStory1,A Rebours,
DansLaMaison,LionKing2019,La femme et le pantin,
CyeanoDeBergerac,TheLionKing1994,La vie sur mars,
LoveCrime,101Dalmatians,,
ConnassePrincesseDesCoeurs,HotelTransylvania,,
CommeDesGarcons,HappyFeet2,,
ColucheHistoireUnMec,AnExtremelyGoofyMovie,,
Colt,Storks,,
cloclo,TheSecretofNimh,,
Climax,TheSecretLifeofPets,,
ChouchouProper,TheSpongeBobSquare,,
Chocolat,AlvinandtheChipmunks,,
CherchezHortense,LookWhosTalking,,
Cerise,AliceInWonderland,,
TheencesssitiesOfLife,LeGrandMechantRenard,,
CeQuiNousLie,MyLifeAsAZucchini,,
WhatMyEyesHaveSeen,LePetitNicolas,,
Carbonne,LaGuerredesBoutons,,
Camping3,TheLionKing3HakunaMatata,,
Camping2,TheBossBaby,,
ManBitesDog,LesAventuresDeBernardEtBianca,,
Budapest,LaBelleEtLeClochard,,
BriceDeNice,Les101Dalmatiens,,
Braqueurs,Cinderella1950,,
Brabanconne,MaryPoppins1964,,
FinalArrangements,PeterPan1953,,
Borsalino,SleepingBeauty1959,,
BienvenueChezLesChtis,PeteretEliotLeDragon2016,,
Bernie,Vaiana,,
BellesFamilles,L'ageDeGlace1,,
BelleDuSeigneur,L'agedeGlace3,,
Banlieu13Ultimatum,L'agedeGlace4,,
Ballerina,LaGrandeVadrouille,,
StolenKisses,TheSoundOfMusic,,
BabineLimited,Ratatouille,,
AVoixHaute,Nemo,,
ATroisOnYVa,PonyoSurLaFalaise,,
Al'interieur,Wall-e,,
AzuretAsmar,Ballerina,,
AvisDeMistral,Dumbo,,
Augustine,Les pinguinsdeMadagascar,,
SeeYouUpThere,Vice Versa,,
AuPoste,LeBonGrosGeant,,
AsterixEtObelixMissionCleopatre,CharlieetlaChocolaterie,,
AsterixLeDomaineDesDieux,Mamanj'aiRatel'Avion,,
ApresVous,Mamanj'aiRatel'Avion2,,
AoTheLastNeanderthal,Gremlins2,,
Antigang,Croods,,
AmoursEtTurbulences,PierreLapin1,,
AmoursEtTurbulences,PierreLapin2,,
Amnesia,encanto,,
AmisPublics,Sing,,
Alibi.com,Sing2,,
AliBabaEtLes40voleurs,TometJerry,,
Actrices,Coco,,
99Francs,Lahaut,,
600Kilosd'orPur,Dragons1,,
36QuaiDesOrfevres,Dragons2,,
Itboy,Dragons3,,
17Billes,AladdinAndtheKingOfThieves,,
15ansetDemi,Zootopia,,
1chanceSurDeux,LeChantDeLaMer,,
Eternals,Soul,,
RestlessNatives,MonstresetCie,,
BlackBox,ToutEnHautDuMonde,,
StrawDogs,KuboAndTheTwoStrings,,
TheGreenKnight,WallaceAndGromitInTheWrongTrousers,,
BadBoys,WallaceAndGromitTheCurseOfTheWereRabbit,,
Spectre,SiTuTendsLoreille,,
TheReturner,LaPetitePrincesse,,
MeurtreDnsUnjardinAnglais,MerlinL'enchanteur,,
HitmanetBodyguard,BlancheNeigeEtLes7nains,,
KungFury,RobinHood1973,,
TheMedusaTouch,Luca,,
LeprechaunaLasVegas,Paddington,,
BattleshipIsland,Paddington2,,
Skyfall,muneLeGardienEtLaLune,,
Nymphomaniac1,ShaunLeMouton,,
TheBlackout,MoiMocheetMechant,,
TheGhostWriter,MoiMocheetMechant2,,
NowhereBoy,MoiMocheetMechant3,,
CinquanteNuancesdeGrey,LeMondedeDory,,
LaPlanetedesSinges2014,LaCollineAuxCoquelicots,,
DraculaUntold,Pinocchio1940,,
HorribleBosses,LaGrandeAventureLego,,
,LaGrandeAventureLego2,,